Year,Area,Age Group,Irish Speakers,Irish Speakers(%),Non-Irish Speakers,Not Stated,Population
2011,All Gaeltacht Areas,10 - 14 years,6222,88,765,86,7073
2011,All Gaeltacht Areas,15 - 19 years,5520,82.6,1089,71,6680
2011,All Gaeltacht Areas,20 - 24 years,3873,68.2,1727,79,5679
2011,All Gaeltacht Areas,25 - 29 years,3609,58,2534,76,6219
2011,All Gaeltacht Areas,3 - 4 years,1410,50.3,1279,112,2801
2011,All Gaeltacht Areas,30 - 34 years,3986,58,2803,82,6871
2011,All Gaeltacht Areas,35 - 39 years,4514,62.2,2664,84,7262
2011,All Gaeltacht Areas,40 - 44 years,4435,62.1,2639,73,7147
2011,All Gaeltacht Areas,45 - 49 years,4412,62.6,2565,71,7048
2011,All Gaeltacht Areas,5 - 9 years,5570,82,1094,131,6795
2011,All Gaeltacht Areas,50 - 54 years,4559,66.1,2259,75,6893
2011,All Gaeltacht Areas,55 - 59 years,4306,67.6,1991,71,6368
2011,All Gaeltacht Areas,60 - 64 years,3845,66.9,1837,62,5744
2011,All Gaeltacht Areas,65 - 69 years,3087,67.4,1430,66,4583
2011,All Gaeltacht Areas,70 - 74 years,2295,69.8,947,46,3288
2011,All Gaeltacht Areas,75 - 79 years,1864,71.4,715,31,2610
2011,All Gaeltacht Areas,80 - 84 years,1420,76.5,407,29,1856
2011,All Gaeltacht Areas,85 years and over,1311,76.6,369,31,1711
2011,All Gaeltacht Areas,All ages,66238,68.5,29114,1276,96628
2011,Cork Gaeltacht Areas,10 - 14 years,277,95.5,11,2,290
2011,Cork Gaeltacht Areas,15 - 19 years,215,91.9,18,1,234
2011,Cork Gaeltacht Areas,20 - 24 years,172,83.1,34,1,207
2011,Cork Gaeltacht Areas,25 - 29 years,187,77,56,0,243
2011,Cork Gaeltacht Areas,3 - 4 years,86,61,49,6,141
2011,Cork Gaeltacht Areas,30 - 34 years,197,72.4,75,0,272
2011,Cork Gaeltacht Areas,35 - 39 years,216,72.7,79,2,297
2011,Cork Gaeltacht Areas,40 - 44 years,206,74.6,70,0,276
2011,Cork Gaeltacht Areas,45 - 49 years,210,76.6,64,0,274
2011,Cork Gaeltacht Areas,5 - 9 years,237,94,13,2,252
2011,Cork Gaeltacht Areas,50 - 54 years,197,77.3,55,3,255
2011,Cork Gaeltacht Areas,55 - 59 years,178,73.6,62,2,242
2011,Cork Gaeltacht Areas,60 - 64 years,138,69.3,61,0,199
2011,Cork Gaeltacht Areas,65 - 69 years,128,80.5,30,1,159
2011,Cork Gaeltacht Areas,70 - 74 years,101,73.2,33,4,138
2011,Cork Gaeltacht Areas,75 - 79 years,93,86.9,14,0,107
2011,Cork Gaeltacht Areas,80 - 84 years,67,88.2,9,0,76
2011,Cork Gaeltacht Areas,85 years and over,46,86.8,6,1,53
2011,Cork Gaeltacht Areas,All ages,2951,79.4,739,25,3715
2011,Donegal Gaeltacht Areas,10 - 14 years,1538,88.1,189,19,1746
2011,Donegal Gaeltacht Areas,15 - 19 years,1276,83.9,232,13,1521
2011,Donegal Gaeltacht Areas,20 - 24 years,866,76.2,264,7,1137
2011,Donegal Gaeltacht Areas,25 - 29 years,748,66,378,8,1134
2011,Donegal Gaeltacht Areas,3 - 4 years,384,60,234,22,640
2011,Donegal Gaeltacht Areas,30 - 34 years,925,66,462,14,1401
2011,Donegal Gaeltacht Areas,35 - 39 years,1116,68.3,503,14,1633
2011,Donegal Gaeltacht Areas,40 - 44 years,1136,65.8,581,10,1727
2011,Donegal Gaeltacht Areas,45 - 49 years,1136,65.1,596,13,1745
2011,Donegal Gaeltacht Areas,5 - 9 years,1458,84.4,244,25,1727
2011,Donegal Gaeltacht Areas,50 - 54 years,1104,68.7,494,10,1608
2011,Donegal Gaeltacht Areas,55 - 59 years,1009,65.6,510,19,1538
2011,Donegal Gaeltacht Areas,60 - 64 years,1030,65.4,530,16,1576
2011,Donegal Gaeltacht Areas,65 - 69 years,931,66.7,439,25,1395
2011,Donegal Gaeltacht Areas,70 - 74 years,796,70.1,326,14,1136
2011,Donegal Gaeltacht Areas,75 - 79 years,677,75.1,218,7,902
2011,Donegal Gaeltacht Areas,80 - 84 years,526,79.9,126,6,658
2011,Donegal Gaeltacht Areas,85 years and over,476,81.2,106,4,586
2011,Donegal Gaeltacht Areas,All ages,17132,72,6432,246,23810
2011,Galway City Gaeltacht Areas,10 - 14 years,724,77.4,196,16,936
2011,Galway City Gaeltacht Areas,15 - 19 years,737,67,342,21,1100
2011,Galway City Gaeltacht Areas,20 - 24 years,711,48.8,716,31,1458
2011,Galway City Gaeltacht Areas,25 - 29 years,641,38.5,1005,20,1666
2011,Galway City Gaeltacht Areas,3 - 4 years,87,20,325,24,436
2011,Galway City Gaeltacht Areas,30 - 34 years,637,38.1,1014,20,1671
2011,Galway City Gaeltacht Areas,35 - 39 years,526,40.2,770,13,1309
2011,Galway City Gaeltacht Areas,40 - 44 years,393,38.2,626,10,1029
2011,Galway City Gaeltacht Areas,45 - 49 years,382,41.8,520,12,914
2011,Galway City Gaeltacht Areas,5 - 9 years,668,67.2,298,28,994
2011,Galway City Gaeltacht Areas,50 - 54 years,436,49.6,433,10,879
2011,Galway City Gaeltacht Areas,55 - 59 years,380,54.4,313,6,699
2011,Galway City Gaeltacht Areas,60 - 64 years,296,56.1,225,7,528
2011,Galway City Gaeltacht Areas,65 - 69 years,226,58.9,153,5,384
2011,Galway City Gaeltacht Areas,70 - 74 years,109,51.2,97,7,213
2011,Galway City Gaeltacht Areas,75 - 79 years,79,53,65,5,149
2011,Galway City Gaeltacht Areas,80 - 84 years,53,48.2,48,9,110
2011,Galway City Gaeltacht Areas,85 years and over,38,39.2,44,15,97
2011,Galway City Gaeltacht Areas,All ages,7123,48.9,7190,259,14572
2011,Galway County Gaeltacht Areas,10 - 14 years,2194,90.7,197,28,2419
2011,Galway County Gaeltacht Areas,15 - 19 years,2005,86.8,283,21,2309
2011,Galway County Gaeltacht Areas,20 - 24 years,1380,76.2,403,27,1810
2011,Galway County Gaeltacht Areas,25 - 29 years,1213,65.2,629,19,1861
2011,Galway County Gaeltacht Areas,3 - 4 years,526,53.2,430,33,989
2011,Galway County Gaeltacht Areas,30 - 34 years,1427,63.2,805,26,2258
2011,Galway County Gaeltacht Areas,35 - 39 years,1705,67.7,783,29,2517
2011,Galway County Gaeltacht Areas,40 - 44 years,1723,68.2,780,23,2526
2011,Galway County Gaeltacht Areas,45 - 49 years,1643,66.8,792,23,2458
2011,Galway County Gaeltacht Areas,5 - 9 years,2049,84.2,342,43,2434
2011,Galway County Gaeltacht Areas,50 - 54 years,1745,72.1,651,25,2421
2011,Galway County Gaeltacht Areas,55 - 59 years,1660,76.2,496,22,2178
2011,Galway County Gaeltacht Areas,60 - 64 years,1399,75,450,17,1866
2011,Galway County Gaeltacht Areas,65 - 69 years,1056,73.7,358,18,1432
2011,Galway County Gaeltacht Areas,70 - 74 years,778,79.7,186,12,976
2011,Galway County Gaeltacht Areas,75 - 79 years,568,78.2,147,11,726
2011,Galway County Gaeltacht Areas,80 - 84 years,410,82.8,77,8,495
2011,Galway County Gaeltacht Areas,85 years and over,374,82,75,7,456
2011,Galway County Gaeltacht Areas,All ages,23855,74.2,7884,392,32131
2011,Kerry Gaeltacht Areas,10 - 14 years,561,92.7,39,5,605
2011,Kerry Gaeltacht Areas,15 - 19 years,520,86.4,73,9,602
2011,Kerry Gaeltacht Areas,20 - 24 years,278,74.7,86,8,372
2011,Kerry Gaeltacht Areas,25 - 29 years,320,66.8,144,15,479
2011,Kerry Gaeltacht Areas,3 - 4 years,142,66,67,6,215
2011,Kerry Gaeltacht Areas,30 - 34 years,362,69.1,154,8,524
2011,Kerry Gaeltacht Areas,35 - 39 years,410,67.2,190,10,610
2011,Kerry Gaeltacht Areas,40 - 44 years,419,69.4,173,12,604
2011,Kerry Gaeltacht Areas,45 - 49 years,438,67.8,196,12,646
2011,Kerry Gaeltacht Areas,5 - 9 years,400,88.5,43,9,452
2011,Kerry Gaeltacht Areas,50 - 54 years,464,68.6,194,18,676
2011,Kerry Gaeltacht Areas,55 - 59 years,491,70.4,195,11,697
2011,Kerry Gaeltacht Areas,60 - 64 years,446,69.4,187,10,643
2011,Kerry Gaeltacht Areas,65 - 69 years,310,65.5,157,6,473
2011,Kerry Gaeltacht Areas,70 - 74 years,178,65.9,91,1,270
2011,Kerry Gaeltacht Areas,75 - 79 years,162,72.6,61,0,223
2011,Kerry Gaeltacht Areas,80 - 84 years,146,81.6,31,2,179
2011,Kerry Gaeltacht Areas,85 years and over,138,77.1,40,1,179
2011,Kerry Gaeltacht Areas,All ages,6185,73.2,2121,143,8449
2011,Mayo Gaeltacht Areas,10 - 14 years,591,84.2,99,12,702
2011,Mayo Gaeltacht Areas,15 - 19 years,573,82.9,113,5,691
2011,Mayo Gaeltacht Areas,20 - 24 years,331,64.8,178,2,511
2011,Mayo Gaeltacht Areas,25 - 29 years,368,57.5,261,11,640
2011,Mayo Gaeltacht Areas,3 - 4 years,123,46.2,129,14,266
2011,Mayo Gaeltacht Areas,30 - 34 years,323,58.6,219,9,551
2011,Mayo Gaeltacht Areas,35 - 39 years,383,60.4,237,14,634
2011,Mayo Gaeltacht Areas,40 - 44 years,384,55.3,296,14,694
2011,Mayo Gaeltacht Areas,45 - 49 years,419,58,294,9,722
2011,Mayo Gaeltacht Areas,5 - 9 years,536,81.6,106,15,657
2011,Mayo Gaeltacht Areas,50 - 54 years,443,56.4,335,7,785
2011,Mayo Gaeltacht Areas,55 - 59 years,441,55.1,348,11,800
2011,Mayo Gaeltacht Areas,60 - 64 years,450,57.3,327,9,786
2011,Mayo Gaeltacht Areas,65 - 69 years,373,59.8,241,10,624
2011,Mayo Gaeltacht Areas,70 - 74 years,274,59.4,181,6,461
2011,Mayo Gaeltacht Areas,75 - 79 years,239,55.2,186,8,433
2011,Mayo Gaeltacht Areas,80 - 84 years,193,65.4,99,3,295
2011,Mayo Gaeltacht Areas,85 years and over,223,72.6,81,3,307
2011,Mayo Gaeltacht Areas,All ages,6667,63.1,3730,162,10559
2011,Meath Gaeltacht Areas,10 - 14 years,153,86.9,22,1,176
2011,Meath Gaeltacht Areas,15 - 19 years,97,80.8,22,1,120
2011,Meath Gaeltacht Areas,20 - 24 years,74,67.3,34,2,110
2011,Meath Gaeltacht Areas,25 - 29 years,58,56.9,42,2,102
2011,Meath Gaeltacht Areas,3 - 4 years,23,43.4,27,3,53
2011,Meath Gaeltacht Areas,30 - 34 years,45,48.4,46,2,93
2011,Meath Gaeltacht Areas,35 - 39 years,63,55.3,49,2,114
2011,Meath Gaeltacht Areas,40 - 44 years,81,55.5,63,2,146
2011,Meath Gaeltacht Areas,45 - 49 years,82,55.4,65,1,148
2011,Meath Gaeltacht Areas,5 - 9 years,107,73.3,32,7,146
2011,Meath Gaeltacht Areas,50 - 54 years,92,62.2,55,1,148
2011,Meath Gaeltacht Areas,55 - 59 years,62,56.4,48,0,110
2011,Meath Gaeltacht Areas,60 - 64 years,31,44.9,35,3,69
2011,Meath Gaeltacht Areas,65 - 69 years,25,43.1,33,0,58
2011,Meath Gaeltacht Areas,70 - 74 years,20,54.1,17,0,37
2011,Meath Gaeltacht Areas,75 - 79 years,19,73.1,7,0,26
2011,Meath Gaeltacht Areas,80 - 84 years,13,56.5,10,0,23
2011,Meath Gaeltacht Areas,85 years and over,9,45,11,0,20
2011,Meath Gaeltacht Areas,All ages,1054,62,618,27,1699
2011,State,10 - 14 years,219292,72.5,78268,4931,302491
2011,State,15 - 19 years,178751,63.2,99838,4430,283019
2011,State,20 - 24 years,128613,43.3,162326,6292,297231
2011,State,25 - 29 years,125895,34.9,227839,7388,361122
2011,State,3 - 4 years,18740,13.5,112123,7845,138708
2011,State,30 - 34 years,134985,34.3,251719,7241,393945
2011,State,35 - 39 years,125839,34.5,232349,6073,364261
2011,State,40 - 44 years,108565,32.8,216843,5404,330812
2011,State,45 - 49 years,99347,32.6,201805,4033,305185
2011,State,5 - 9 years,198940,62,114091,7739,320770
2011,State,50 - 54 years,97156,35.4,173167,4063,274386
2011,State,55 - 59 years,90117,36.9,150608,3797,244522
2011,State,60 - 64 years,74244,33.9,140480,4062,218786
2011,State,65 - 69 years,58425,33.6,111563,3650,173638
2011,State,70 - 74 years,42029,32,85862,3299,131190
2011,State,75 - 79 years,32722,32.1,66526,2788,102036
2011,State,80 - 84 years,22765,32.5,44775,2573,70113
2011,State,85 years and over,18012,30.8,37130,3274,58416
2011,State,All ages,1774437,40.6,2507312,88882,4370631
2011,Waterford  Gaeltacht Areas,10 - 14 years,184,92.5,12,3,199
2011,Waterford  Gaeltacht Areas,15 - 19 years,97,94.2,6,0,103
2011,Waterford  Gaeltacht Areas,20 - 24 years,61,82.4,12,1,74
2011,Waterford  Gaeltacht Areas,25 - 29 years,74,78.7,19,1,94
2011,Waterford  Gaeltacht Areas,3 - 4 years,39,63.9,18,4,61
2011,Waterford  Gaeltacht Areas,30 - 34 years,70,69.3,28,3,101
2011,Waterford  Gaeltacht Areas,35 - 39 years,95,64.2,53,0,148
2011,Waterford  Gaeltacht Areas,40 - 44 years,93,64.1,50,2,145
2011,Waterford  Gaeltacht Areas,45 - 49 years,102,72.3,38,1,141
2011,Waterford  Gaeltacht Areas,5 - 9 years,115,86.5,16,2,133
2011,Waterford  Gaeltacht Areas,50 - 54 years,78,64.5,42,1,121
2011,Waterford  Gaeltacht Areas,55 - 59 years,85,81.7,19,0,104
2011,Waterford  Gaeltacht Areas,60 - 64 years,55,71.4,22,0,77
2011,Waterford  Gaeltacht Areas,65 - 69 years,38,65.5,19,1,58
2011,Waterford  Gaeltacht Areas,70 - 74 years,39,68.4,16,2,57
2011,Waterford  Gaeltacht Areas,75 - 79 years,27,61.4,17,0,44
2011,Waterford  Gaeltacht Areas,80 - 84 years,12,60,7,1,20
2011,Waterford  Gaeltacht Areas,85 years and over,7,53.8,6,0,13
2011,Waterford  Gaeltacht Areas,All ages,1271,75.1,400,22,1693
2016,All Gaeltacht Areas,10 - 14 years,5820,87.1,739,124,6683
2016,All Gaeltacht Areas,15 - 19 years,5641,83.9,985,96,6722
2016,All Gaeltacht Areas,20 - 24 years,3499,67.8,1591,73,5163
2016,All Gaeltacht Areas,25 - 29 years,2724,57.6,1853,150,4727
2016,All Gaeltacht Areas,3 - 4 years,1236,46.8,1290,115,2641
2016,All Gaeltacht Areas,30 - 34 years,3222,53.2,2721,109,6052
2016,All Gaeltacht Areas,35 - 39 years,3911,56.6,2881,122,6914
2016,All Gaeltacht Areas,40 - 44 years,4273,60.8,2670,82,7025
2016,All Gaeltacht Areas,45 - 49 years,4127,59.4,2702,118,6947
2016,All Gaeltacht Areas,5 - 9 years,5676,82.5,1082,126,6884
2016,All Gaeltacht Areas,50 - 54 years,4118,60.4,2610,93,6821
2016,All Gaeltacht Areas,55 - 59 years,4276,63.1,2403,97,6776
2016,All Gaeltacht Areas,60 - 64 years,4057,65.2,2090,77,6224
2016,All Gaeltacht Areas,65 - 69 years,3642,64.6,1910,87,5639
2016,All Gaeltacht Areas,70 - 74 years,2746,65.2,1390,73,4209
2016,All Gaeltacht Areas,75 - 79 years,1959,67.6,867,70,2896
2016,All Gaeltacht Areas,80 - 84 years,1412,71.2,531,40,1983
2016,All Gaeltacht Areas,85 years and over,1325,74.3,408,51,1784
2016,All Gaeltacht Areas,All ages,63664,66.3,30723,1703,96090
2016,Cork Gaeltacht Areas,10 - 14 years,244,95.3,8,4,256
2016,Cork Gaeltacht Areas,15 - 19 years,227,93.4,14,2,243
2016,Cork Gaeltacht Areas,20 - 24 years,157,81.3,35,1,193
2016,Cork Gaeltacht Areas,25 - 29 years,133,71.9,49,3,185
2016,Cork Gaeltacht Areas,3 - 4 years,60,55,48,1,109
2016,Cork Gaeltacht Areas,30 - 34 years,170,65.4,88,2,260
2016,Cork Gaeltacht Areas,35 - 39 years,211,68.1,92,7,310
2016,Cork Gaeltacht Areas,40 - 44 years,217,77.2,61,3,281
2016,Cork Gaeltacht Areas,45 - 49 years,187,70.6,76,2,265
2016,Cork Gaeltacht Areas,5 - 9 years,278,92.4,17,6,301
2016,Cork Gaeltacht Areas,50 - 54 years,197,72.2,73,3,273
2016,Cork Gaeltacht Areas,55 - 59 years,192,73.3,67,3,262
2016,Cork Gaeltacht Areas,60 - 64 years,157,71.7,58,4,219
2016,Cork Gaeltacht Areas,65 - 69 years,131,63.9,69,5,205
2016,Cork Gaeltacht Areas,70 - 74 years,108,73.5,35,4,147
2016,Cork Gaeltacht Areas,75 - 79 years,96,78,27,0,123
2016,Cork Gaeltacht Areas,80 - 84 years,61,78.2,16,1,78
2016,Cork Gaeltacht Areas,85 years and over,46,85.2,8,0,54
2016,Cork Gaeltacht Areas,All ages,2872,76.3,841,51,3764
2016,Donegal Gaeltacht Areas,10 - 14 years,1478,88.7,164,24,1666
2016,Donegal Gaeltacht Areas,15 - 19 years,1278,85.9,189,20,1487
2016,Donegal Gaeltacht Areas,20 - 24 years,667,74.4,216,13,896
2016,Donegal Gaeltacht Areas,25 - 29 years,577,65.6,277,25,879
2016,Donegal Gaeltacht Areas,3 - 4 years,315,56,220,27,562
2016,Donegal Gaeltacht Areas,30 - 34 years,664,62.8,379,15,1058
2016,Donegal Gaeltacht Areas,35 - 39 years,921,65,476,21,1418
2016,Donegal Gaeltacht Areas,40 - 44 years,1041,65.1,538,19,1598
2016,Donegal Gaeltacht Areas,45 - 49 years,1057,63,590,30,1677
2016,Donegal Gaeltacht Areas,5 - 9 years,1336,84.1,216,37,1589
2016,Donegal Gaeltacht Areas,50 - 54 years,1058,64.3,568,19,1645
2016,Donegal Gaeltacht Areas,55 - 59 years,1056,66.5,517,15,1588
2016,Donegal Gaeltacht Areas,60 - 64 years,965,64.8,508,17,1490
2016,Donegal Gaeltacht Areas,65 - 69 years,965,62.6,555,21,1541
2016,Donegal Gaeltacht Areas,70 - 74 years,864,67.8,390,21,1275
2016,Donegal Gaeltacht Areas,75 - 79 years,665,68,297,16,978
2016,Donegal Gaeltacht Areas,80 - 84 years,509,76,149,12,670
2016,Donegal Gaeltacht Areas,85 years and over,463,78.3,120,8,591
2016,Donegal Gaeltacht Areas,All ages,15879,70.2,6369,360,22608
2016,Galway City Gaeltacht Areas,10 - 14 years,677,75.8,194,22,893
2016,Galway City Gaeltacht Areas,15 - 19 years,770,66.9,354,27,1151
2016,Galway City Gaeltacht Areas,20 - 24 years,793,52.4,683,36,1512
2016,Galway City Gaeltacht Areas,25 - 29 years,426,35.6,724,45,1195
2016,Galway City Gaeltacht Areas,3 - 4 years,79,18.1,329,28,436
2016,Galway City Gaeltacht Areas,30 - 34 years,481,32.4,966,36,1483
2016,Galway City Gaeltacht Areas,35 - 39 years,519,35.2,918,37,1474
2016,Galway City Gaeltacht Areas,40 - 44 years,421,36.2,726,16,1163
2016,Galway City Gaeltacht Areas,45 - 49 years,371,36.8,607,29,1007
2016,Galway City Gaeltacht Areas,5 - 9 years,718,67.4,312,35,1065
2016,Galway City Gaeltacht Areas,50 - 54 years,342,38.3,527,25,894
2016,Galway City Gaeltacht Areas,55 - 59 years,388,45.6,445,17,850
2016,Galway City Gaeltacht Areas,60 - 64 years,358,51.7,322,13,693
2016,Galway City Gaeltacht Areas,65 - 69 years,276,53.4,234,7,517
2016,Galway City Gaeltacht Areas,70 - 74 years,180,51.7,162,6,348
2016,Galway City Gaeltacht Areas,75 - 79 years,107,49.1,89,22,218
2016,Galway City Gaeltacht Areas,80 - 84 years,63,54.8,42,10,115
2016,Galway City Gaeltacht Areas,85 years and over,51,45.1,33,29,113
2016,Galway City Gaeltacht Areas,All ages,7020,46.4,7667,440,15127
2016,Galway County Gaeltacht Areas,10 - 14 years,2161,89.9,220,22,2403
2016,Galway County Gaeltacht Areas,15 - 19 years,2092,89.4,230,18,2340
2016,Galway County Gaeltacht Areas,20 - 24 years,1217,76.3,367,10,1594
2016,Galway County Gaeltacht Areas,25 - 29 years,987,66,458,51,1496
2016,Galway County Gaeltacht Areas,3 - 4 years,489,49.6,455,41,985
2016,Galway County Gaeltacht Areas,30 - 34 years,1146,59.8,739,32,1917
2016,Galway County Gaeltacht Areas,35 - 39 years,1482,62.3,862,36,2380
2016,Galway County Gaeltacht Areas,40 - 44 years,1683,66.9,811,20,2514
2016,Galway County Gaeltacht Areas,45 - 49 years,1628,65.7,820,29,2477
2016,Galway County Gaeltacht Areas,5 - 9 years,2127,84.3,373,22,2522
2016,Galway County Gaeltacht Areas,50 - 54 years,1558,65.6,794,24,2376
2016,Galway County Gaeltacht Areas,55 - 59 years,1586,68.5,692,37,2315
2016,Galway County Gaeltacht Areas,60 - 64 years,1562,73.8,533,22,2117
2016,Galway County Gaeltacht Areas,65 - 69 years,1321,74.1,439,22,1782
2016,Galway County Gaeltacht Areas,70 - 74 years,972,72.7,345,20,1337
2016,Galway County Gaeltacht Areas,75 - 79 years,668,77.3,182,14,864
2016,Galway County Gaeltacht Areas,80 - 84 years,452,75.3,138,10,600
2016,Galway County Gaeltacht Areas,85 years and over,419,79.8,102,4,525
2016,Galway County Gaeltacht Areas,All ages,23550,72.4,8560,434,32544
2016,Kerry Gaeltacht Areas,10 - 14 years,403,85.4,27,42,472
2016,Kerry Gaeltacht Areas,15 - 19 years,484,86.4,55,21,560
2016,Kerry Gaeltacht Areas,20 - 24 years,261,67.1,120,8,389
2016,Kerry Gaeltacht Areas,25 - 29 years,247,63.3,131,12,390
2016,Kerry Gaeltacht Areas,3 - 4 years,128,62.4,70,7,205
2016,Kerry Gaeltacht Areas,30 - 34 years,303,59.5,195,11,509
2016,Kerry Gaeltacht Areas,35 - 39 years,355,64.9,184,8,547
2016,Kerry Gaeltacht Areas,40 - 44 years,388,66.6,176,19,583
2016,Kerry Gaeltacht Areas,45 - 49 years,385,66.8,180,11,576
2016,Kerry Gaeltacht Areas,5 - 9 years,440,90.5,39,7,486
2016,Kerry Gaeltacht Areas,50 - 54 years,417,64.7,219,9,645
2016,Kerry Gaeltacht Areas,55 - 59 years,476,65.1,240,15,731
2016,Kerry Gaeltacht Areas,60 - 64 years,493,66.4,237,12,742
2016,Kerry Gaeltacht Areas,65 - 69 years,438,66,212,14,664
2016,Kerry Gaeltacht Areas,70 - 74 years,274,64.9,138,10,422
2016,Kerry Gaeltacht Areas,75 - 79 years,149,63.9,82,2,233
2016,Kerry Gaeltacht Areas,80 - 84 years,108,73.5,39,0,147
2016,Kerry Gaeltacht Areas,85 years and over,125,78.1,34,1,160
2016,Kerry Gaeltacht Areas,All ages,5874,69.4,2378,209,8461
2016,Mayo Gaeltacht Areas,10 - 14 years,571,84.2,98,9,678
2016,Mayo Gaeltacht Areas,15 - 19 years,541,82.6,108,6,655
2016,Mayo Gaeltacht Areas,20 - 24 years,285,67.2,134,5,424
2016,Mayo Gaeltacht Areas,25 - 29 years,248,58.8,162,12,422
2016,Mayo Gaeltacht Areas,3 - 4 years,95,40.8,129,9,233
2016,Mayo Gaeltacht Areas,30 - 34 years,335,54.3,271,11,617
2016,Mayo Gaeltacht Areas,35 - 39 years,294,53.9,239,12,545
2016,Mayo Gaeltacht Areas,40 - 44 years,359,58,255,5,619
2016,Mayo Gaeltacht Areas,45 - 49 years,339,51.4,307,14,660
2016,Mayo Gaeltacht Areas,5 - 9 years,516,83.6,84,17,617
2016,Mayo Gaeltacht Areas,50 - 54 years,379,54.6,306,9,694
2016,Mayo Gaeltacht Areas,55 - 59 years,423,55.1,338,7,768
2016,Mayo Gaeltacht Areas,60 - 64 years,398,51.6,364,9,771
2016,Mayo Gaeltacht Areas,65 - 69 years,426,54.3,341,18,785
2016,Mayo Gaeltacht Areas,70 - 74 years,299,52.5,258,12,569
2016,Mayo Gaeltacht Areas,75 - 79 years,228,56.7,162,12,402
2016,Mayo Gaeltacht Areas,80 - 84 years,186,59,123,6,315
2016,Mayo Gaeltacht Areas,85 years and over,199,66.8,92,7,298
2016,Mayo Gaeltacht Areas,All ages,6121,60.8,3771,180,10072
2016,Meath Gaeltacht Areas,10 - 14 years,121,85.2,20,1,142
2016,Meath Gaeltacht Areas,15 - 19 years,138,86.3,21,1,160
2016,Meath Gaeltacht Areas,20 - 24 years,63,70.8,26,0,89
2016,Meath Gaeltacht Areas,25 - 29 years,62,60.2,40,1,103
2016,Meath Gaeltacht Areas,3 - 4 years,33,53.2,29,0,62
2016,Meath Gaeltacht Areas,30 - 34 years,56,50.9,52,2,110
2016,Meath Gaeltacht Areas,35 - 39 years,51,41.8,70,1,122
2016,Meath Gaeltacht Areas,40 - 44 years,63,52.9,56,0,119
2016,Meath Gaeltacht Areas,45 - 49 years,70,50.4,67,2,139
2016,Meath Gaeltacht Areas,5 - 9 years,105,76.6,31,1,137
2016,Meath Gaeltacht Areas,50 - 54 years,80,51.3,76,0,156
2016,Meath Gaeltacht Areas,55 - 59 years,81,56.6,62,0,143
2016,Meath Gaeltacht Areas,60 - 64 years,50,51,48,0,98
2016,Meath Gaeltacht Areas,65 - 69 years,32,47.8,35,0,67
2016,Meath Gaeltacht Areas,70 - 74 years,19,36.5,33,0,52
2016,Meath Gaeltacht Areas,75 - 79 years,17,51.5,15,1,33
2016,Meath Gaeltacht Areas,80 - 84 years,12,50,12,0,24
2016,Meath Gaeltacht Areas,85 years and over,9,45,11,0,20
2016,Meath Gaeltacht Areas,All ages,1062,59.8,704,10,1776
2016,State,10 - 14 years,231207,72.4,80220,8049,319476
2016,State,15 - 19 years,192777,63.7,101953,8086,302816
2016,State,20 - 24 years,112847,41.2,152164,8625,273636
2016,State,25 - 29 years,91264,30.7,191196,14975,297435
2016,State,3 - 4 years,16092,11.6,113877,8942,138911
2016,State,30 - 34 years,105096,29,245565,11314,361975
2016,State,35 - 39 years,121560,31.2,255519,12342,389421
2016,State,40 - 44 years,115611,32.3,233532,8317,357460
2016,State,45 - 49 years,99007,30.4,218642,8461,326110
2016,State,5 - 9 years,218350,61.4,125643,11568,355561
2016,State,50 - 54 years,89192,29.7,204325,6418,299935
2016,State,55 - 59 years,86927,32.2,176293,6882,270102
2016,State,60 - 64 years,80781,33.8,152576,5499,238856
2016,State,65 - 69 years,66698,31.6,139138,5400,211236
2016,State,70 - 74 years,51655,31.8,105786,4831,162272
2016,State,75 - 79 years,35845,31,76130,3492,115467
2016,State,80 - 84 years,25381,31.3,52749,2907,81037
2016,State,85 years and over,21130,31.3,42637,3788,67555
2016,State,All ages,1761420,38.5,2667945,139896,4569261
2016,Waterford  Gaeltacht Areas,10 - 14 years,165,95.4,8,0,173
2016,Waterford  Gaeltacht Areas,15 - 19 years,111,88.1,14,1,126
2016,Waterford  Gaeltacht Areas,20 - 24 years,56,84.8,10,0,66
2016,Waterford  Gaeltacht Areas,25 - 29 years,44,77.2,12,1,57
2016,Waterford  Gaeltacht Areas,3 - 4 years,37,75.5,10,2,49
2016,Waterford  Gaeltacht Areas,30 - 34 years,67,68.4,31,0,98
2016,Waterford  Gaeltacht Areas,35 - 39 years,78,66.1,40,0,118
2016,Waterford  Gaeltacht Areas,40 - 44 years,101,68.2,47,0,148
2016,Waterford  Gaeltacht Areas,45 - 49 years,90,61.6,55,1,146
2016,Waterford  Gaeltacht Areas,5 - 9 years,156,93.4,10,1,167
2016,Waterford  Gaeltacht Areas,50 - 54 years,87,63,47,4,138
2016,Waterford  Gaeltacht Areas,55 - 59 years,74,62.2,42,3,119
2016,Waterford  Gaeltacht Areas,60 - 64 years,74,78.7,20,0,94
2016,Waterford  Gaeltacht Areas,65 - 69 years,53,67.9,25,0,78
2016,Waterford  Gaeltacht Areas,70 - 74 years,30,50.8,29,0,59
2016,Waterford  Gaeltacht Areas,75 - 79 years,29,64.4,13,3,45
2016,Waterford  Gaeltacht Areas,80 - 84 years,21,61.8,12,1,34
2016,Waterford  Gaeltacht Areas,85 years and over,13,56.5,8,2,23
2016,Waterford  Gaeltacht Areas,All ages,1286,74,433,19,1738
